{
    "slide_1.png": [],
    "slide_2.png": [
        [
            2117,
            2117
        ]
    ],
    "slide_3.png": [
        [
            2117,
            2126.999999999991
        ]
    ],
    "slide_4.png": [],
    "slide_5.png": [],
    "slide_6.png": [],
    "slide_7.png": [],
    "slide_8.png": [
        [
            2126.999999999991,
            2156.9999999999636
        ]
    ],
    "slide_9.png": [
        [
            2156.9999999999636,
            2236.999999999891
        ],
        [
            2246.9999999998818,
            2256.9999999998727
        ]
    ],
    "slide_10.png": [
        [
            2286.9999999998454,
            2316.999999999818
        ]
    ],
    "slide_11.png": [
        [
            2236.999999999891,
            2246.9999999998818
        ],
        [
            2256.9999999998727,
            2286.9999999998454
        ],
        [
            2316.999999999818,
            2416.999999999727
        ]
    ],
    "slide_12.png": [],
    "slide_13.png": [
        [
            2416.999999999727,
            2436.999999999709
        ]
    ],
    "slide_14.png": [],
    "slide_15.png": [
        [
            2436.999999999709,
            2446.9999999997
        ]
    ],
    "slide_16.png": [
        [
            2446.9999999997,
            2466.9999999996817
        ]
    ],
    "slide_17.png": [
        [
            2466.9999999996817,
            2496.9999999996544
        ]
    ],
    "slide_18.png": [
        [
            2496.9999999996544,
            2506.9999999996453
        ]
    ],
    "slide_19.png": [
        [
            2506.9999999996453,
            2546.999999999609
        ]
    ],
    "slide_20.png": [
        [
            2546.999999999609,
            2616.9999999995453
        ]
    ],
    "slide_21.png": [
        [
            2616.9999999995453,
            2686.9999999994816
        ]
    ],
    "slide_22.png": [
        [
            2686.9999999994816,
            2756.999999999418
        ]
    ],
    "slide_23.png": [
        [
            2756.999999999418,
            2766.999999999409
        ]
    ],
    "slide_24.png": [
        [
            2796.9999999993815,
            2936.999999999254
        ]
    ],
    "slide_25.png": [
        [
            2936.999999999254,
            2946.999999999245
        ]
    ],
    "slide_26.png": [
        [
            2766.999999999409,
            2796.9999999993815
        ],
        [
            2946.999999999245,
            2986.9999999992087
        ]
    ],
    "slide_27.png": [
        [
            3096.9999999991087,
            3146.999999999063
        ]
    ],
    "slide_28.png": [
        [
            3176.999999999036,
            3216.9999999989996
        ]
    ],
    "slide_29.png": [
        [
            3146.999999999063,
            3176.999999999036
        ]
    ],
    "slide_30.png": [
        [
            2986.9999999992087,
            3096.9999999991087
        ],
        [
            3216.9999999989996,
            3246.9999999989723
        ]
    ],
    "slide_31.png": [
        [
            3246.9999999989723,
            3296.999999998927
        ]
    ],
    "slide_32.png": [],
    "slide_33.png": [],
    "slide_34.png": [
        [
            3396.999999998836,
            3416.9999999988177
        ]
    ],
    "slide_35.png": [
        [
            3416.9999999988177,
            3426.9999999988086
        ]
    ],
    "slide_36.png": [
        [
            3296.999999998927,
            3306.9999999989177
        ],
        [
            3426.9999999988086,
            3436.9999999987995
        ]
    ],
    "slide_37.png": [
        [
            3306.9999999989177,
            3396.999999998836
        ],
        [
            3436.9999999987995,
            3446.9999999987904
        ],
        [
            3956.9999999983265,
            3966.9999999983174
        ]
    ],
    "slide_38.png": [
        [
            3446.9999999987904,
            3476.999999998763
        ]
    ],
    "slide_39.png": [
        [
            3506.999999998736,
            3596.999999998654
        ]
    ],
    "slide_40.png": [
        [
            3476.999999998763,
            3506.999999998736
        ],
        [
            3596.999999998654,
            3626.9999999986267
        ],
        [
            3716.999999998545,
            3746.9999999985175
        ],
        [
            3756.9999999985084,
            3826.9999999984448
        ],
        [
            3856.9999999984175,
            3956.9999999983265
        ],
        [
            4116.9999999984675,
            4337.000000001269
        ]
    ],
    "slide_41.png": [
        [
            3626.9999999986267,
            3716.999999998545
        ]
    ],
    "slide_42.png": [
        [
            3966.9999999983174,
            3976.9999999983083
        ],
        [
            3986.9999999982992,
            4116.9999999984675
        ],
        [
            4337.000000001269,
            4347.000000001396
        ]
    ],
    "slide_43.png": [
        [
            3746.9999999985175,
            3756.9999999985084
        ],
        [
            3826.9999999984448,
            3856.9999999984175
        ],
        [
            3976.9999999983083,
            3986.9999999982992
        ],
        [
            4347.000000001396,
            4400.96666666875
        ]
    ]
}